{
  "type": "FeatureCollection",
  "features": [
    {
      "type": "Feature",
      "properties": {
        "layer": "newcrv",
        "stroke": "#2448cc",
        "fill": "#2448cc",
        "name": "Track"
      },
      "geometry": {
        "type": "LineString",
        "coordinates": [
          [
            -95.016991,
            29.546527
          ],
          [
            -95.016989,
            29.546527
          ],
          [
            -95.016986,
            29.546528
          ],
          [
            -95.016984,
            29.546528
          ],
          [
            -95.016981,
            29.546528
          ],
          [
            -95.016979,
            29.546529
          ],
          [
            -95.016976,
            29.546529
          ],
          [
            -95.016974,
            29.546529
          ],
          [
            -95.016971,
            29.546529
          ],
          [
            -95.016969,
            29.546529
          ],
          [
            -95.016967,
            29.546529
          ],
          [
            -95.016964,
            29.546528
          ],
          [
            -95.016962,
            29.546528
          ],
          [
            -95.016959,
            29.546528
          ],
          [
            -95.016957,
            29.546527
          ],
          [
            -95.016954,
            29.546527
          ],
          [
            -95.016952,
            29.546526
          ],
          [
            -95.01695,
            29.546526
          ],
          [
            -95.016947,
            29.546525
          ],
          [
            -95.016945,
            29.546524
          ],
          [
            -95.016943,
            29.546523
          ],
          [
            -95.016941,
            29.546523
          ],
          [
            -95.016938,
            29.546522
          ],
          [
            -95.016936,
            29.546521
          ],
          [
            -95.016934,
            29.546519
          ],
          [
            -95.016932,
            29.546518
          ],
          [
            -95.01693,
            29.546517
          ],
          [
            -95.016928,
            29.546516
          ],
          [
            -95.016926,
            29.546514
          ],
          [
            -95.016924,
            29.546513
          ],
          [
            -95.016923,
            29.546512
          ],
          [
            -95.016921,
            29.54651
          ],
          [
            -95.016919,
            29.546508
          ],
          [
            -95.016918,
            29.546507
          ],
          [
            -95.016916,
            29.546505
          ],
          [
            -95.016915,
            29.546503
          ],
          [
            -95.016913,
            29.546502
          ],
          [
            -95.016912,
            29.5465
          ],
          [
            -95.016911,
            29.546498
          ],
          [
            -95.016909,
            29.546496
          ],
          [
            -95.016908,
            29.546494
          ],
          [
            -95.016907,
            29.546492
          ],
          [
            -95.016906,
            29.54649
          ],
          [
            -95.016905,
            29.546488
          ],
          [
            -95.016905,
            29.546486
          ],
          [
            -95.016904,
            29.546484
          ],
          [
            -95.016903,
            29.546482
          ],
          [
            -95.016903,
            29.54648
          ],
          [
            -95.016902,
            29.546478
          ],
          [
            -95.016902,
            29.546476
          ],
          [
            -95.016902,
            29.546474
          ],
          [
            -95.016901,
            29.546472
          ],
          [
            -95.016901,
            29.54647
          ],
          [
            -95.016901,
            29.546467
          ],
          [
            -95.016901,
            29.546465
          ],
          [
            -95.016901,
            29.546463
          ],
          [
            -95.016902,
            29.546461
          ],
          [
            -95.016902,
            29.546459
          ],
          [
            -95.016902,
            29.546457
          ],
          [
            -95.016903,
            29.546455
          ],
          [
            -95.016903,
            29.546453
          ],
          [
            -95.016904,
            29.546451
          ],
          [
            -95.016905,
            29.546448
          ],
          [
            -95.016906,
            29.546446
          ],
          [
            -95.016906,
            29.546444
          ],
          [
            -95.016907,
            29.546442
          ],
          [
            -95.016908,
            29.546441
          ],
          [
            -95.01691,
            29.546439
          ],
          [
            -95.016911,
            29.546437
          ],
          [
            -95.016912,
            29.546435
          ],
          [
            -95.016913,
            29.546433
          ],
          [
            -95.016915,
            29.546431
          ],
          [
            -95.016916,
            29.54643
          ],
          [
            -95.016918,
            29.546428
          ],
          [
            -95.016919,
            29.546426
          ],
          [
            -95.016921,
            29.546425
          ],
          [
            -95.016923,
            29.546423
          ],
          [
            -95.016925,
            29.546422
          ],
          [
            -95.016927,
            29.54642
          ],
          [
            -95.016928,
            29.546419
          ],
          [
            -95.01693,
            29.546418
          ],
          [
            -95.016932,
            29.546417
          ],
          [
            -95.016934,
            29.546415
          ],
          [
            -95.016937,
            29.546414
          ],
          [
            -95.017472,
            29.546106
          ],
          [
            -95.017474,
            29.546105
          ],
          [
            -95.017476,
            29.546104
          ],
          [
            -95.017478,
            29.546102
          ],
          [
            -95.01748,
            29.546101
          ],
          [
            -95.017482,
            29.546099
          ],
          [
            -95.017483,
            29.546098
          ],
          [
            -95.017485,
            29.546096
          ],
          [
            -95.017487,
            29.546094
          ],
          [
            -95.017488,
            29.546093
          ],
          [
            -95.017489,
            29.546091
          ],
          [
            -95.017491,
            29.546089
          ],
          [
            -95.017492,
            29.546087
          ],
          [
            -95.017493,
            29.546085
          ],
          [
            -95.017494,
            29.546083
          ],
          [
            -95.017495,
            29.546081
          ],
          [
            -95.017496,
            29.546079
          ],
          [
            -95.017497,
            29.546077
          ],
          [
            -95.017498,
            29.546075
          ],
          [
            -95.017499,
            29.546073
          ],
          [
            -95.017499,
            29.546071
          ],
          [
            -95.0175,
            29.546069
          ],
          [
            -95.0175,
            29.546067
          ],
          [
            -95.017501,
            29.546065
          ],
          [
            -95.017501,
            29.546063
          ],
          [
            -95.017501,
            29.546061
          ],
          [
            -95.017501,
            29.546058
          ],
          [
            -95.017502,
            29.546056
          ],
          [
            -95.017502,
            29.546054
          ],
          [
            -95.017501,
            29.546052
          ],
          [
            -95.017501,
            29.54605
          ],
          [
            -95.017501,
            29.546048
          ],
          [
            -95.017501,
            29.546046
          ],
          [
            -95.0175,
            29.546043
          ],
          [
            -95.017499,
            29.546041
          ],
          [
            -95.017499,
            29.546039
          ],
          [
            -95.017498,
            29.546037
          ],
          [
            -95.017497,
            29.546035
          ],
          [
            -95.017496,
            29.546033
          ],
          [
            -95.017496,
            29.546031
          ],
          [
            -95.017494,
            29.546029
          ],
          [
            -95.017493,
            29.546027
          ],
          [
            -95.017492,
            29.546025
          ],
          [
            -95.017491,
            29.546024
          ],
          [
            -95.01749,
            29.546022
          ],
          [
            -95.017488,
            29.54602
          ],
          [
            -95.017487,
            29.546018
          ],
          [
            -95.017485,
            29.546016
          ],
          [
            -95.017484,
            29.546015
          ],
          [
            -95.017482,
            29.546013
          ],
          [
            -95.01748,
            29.546012
          ],
          [
            -95.017478,
            29.54601
          ],
          [
            -95.017476,
            29.546009
          ],
          [
            -95.017475,
            29.546007
          ],
          [
            -95.017473,
            29.546006
          ],
          [
            -95.017471,
            29.546005
          ],
          [
            -95.017469,
            29.546004
          ],
          [
            -95.017466,
            29.546003
          ],
          [
            -95.017464,
            29.546001
          ],
          [
            -95.017462,
            29.546
          ],
          [
            -95.01746,
            29.546
          ],
          [
            -95.017458,
            29.545999
          ],
          [
            -95.017455,
            29.545998
          ],
          [
            -95.017453,
            29.545997
          ],
          [
            -95.017451,
            29.545996
          ],
          [
            -95.017448,
            29.545996
          ],
          [
            -95.017446,
            29.545995
          ],
          [
            -95.017443,
            29.545995
          ],
          [
            -95.017441,
            29.545995
          ],
          [
            -95.017438,
            29.545994
          ],
          [
            -95.017436,
            29.545994
          ],
          [
            -95.017434,
            29.545994
          ],
          [
            -95.017431,
            29.545994
          ],
          [
            -95.017429,
            29.545994
          ],
          [
            -95.017426,
            29.545994
          ],
          [
            -95.017424,
            29.545994
          ],
          [
            -95.017421,
            29.545994
          ],
          [
            -95.017419,
            29.545995
          ],
          [
            -95.017416,
            29.545995
          ],
          [
            -95.017414,
            29.545995
          ],
          [
            -95.017411,
            29.545996
          ],
          [
            -95.017409,
            29.545996
          ],
          [
            -95.017407,
            29.545997
          ],
          [
            -95.017404,
            29.545998
          ],
          [
            -95.017402,
            29.545999
          ],
          [
            -95.0174,
            29.546
          ],
          [
            -95.017398,
            29.546
          ],
          [
            -95.017395,
            29.546001
          ],
          [
            -95.017393,
            29.546003
          ],
          [
            -95.017391,
            29.546004
          ],
          [
            -95.017389,
            29.546005
          ],
          [
            -95.017386,
            29.546007
          ],
          [
            -95.017384,
            29.546009
          ],
          [
            -95.017382,
            29.54601
          ],
          [
            -95.01738,
            29.546012
          ],
          [
            -95.017379,
            29.546014
          ],
          [
            -95.017377,
            29.546015
          ],
          [
            -95.017375,
            29.546017
          ],
          [
            -95.017374,
            29.546019
          ],
          [
            -95.017372,
            29.54602
          ],
          [
            -95.017371,
            29.546022
          ],
          [
            -95.01737,
            29.546024
          ],
          [
            -95.017369,
            29.546025
          ],
          [
            -95.017369,
            29.546026
          ],
          [
            -95.017368,
            29.546026
          ],
          [
            -95.017367,
            29.546027
          ],
          [
            -95.017367,
            29.546028
          ],
          [
            -95.017367,
            29.546029
          ],
          [
            -95.017366,
            29.54603
          ],
          [
            -95.017366,
            29.546031
          ],
          [
            -95.017365,
            29.546032
          ],
          [
            -95.017365,
            29.546032
          ],
          [
            -95.017364,
            29.546033
          ],
          [
            -95.017364,
            29.546034
          ],
          [
            -95.017364,
            29.546035
          ],
          [
            -95.017363,
            29.546036
          ],
          [
            -95.017363,
            29.546037
          ],
          [
            -95.017363,
            29.546038
          ],
          [
            -95.017363,
            29.546038
          ],
          [
            -95.017362,
            29.546039
          ],
          [
            -95.017362,
            29.54604
          ],
          [
            -95.017362,
            29.546041
          ],
          [
            -95.017362,
            29.546042
          ],
          [
            -95.017362,
            29.546043
          ],
          [
            -95.017362,
            29.546044
          ],
          [
            -95.017362,
            29.546045
          ],
          [
            -95.017361,
            29.546046
          ],
          [
            -95.017361,
            29.546048
          ],
          [
            -95.017361,
            29.54605
          ],
          [
            -95.017361,
            29.546051
          ],
          [
            -95.017361,
            29.546053
          ],
          [
            -95.017361,
            29.546055
          ],
          [
            -95.017362,
            29.546057
          ],
          [
            -95.017362,
            29.546058
          ],
          [
            -95.017362,
            29.54606
          ],
          [
            -95.017363,
            29.546062
          ],
          [
            -95.017363,
            29.546064
          ],
          [
            -95.017363,
            29.546065
          ],
          [
            -95.017364,
            29.546067
          ],
          [
            -95.017365,
            29.546069
          ],
          [
            -95.017365,
            29.54607
          ],
          [
            -95.017366,
            29.546072
          ],
          [
            -95.017366,
            29.546074
          ],
          [
            -95.017367,
            29.546076
          ],
          [
            -95.017369,
            29.546079
          ],
          [
            -95.01737,
            29.546082
          ],
          [
            -95.017372,
            29.546086
          ],
          [
            -95.017374,
            29.546089
          ],
          [
            -95.017376,
            29.546092
          ],
          [
            -95.017381,
            29.546099
          ],
          [
            -95.01739,
            29.546112
          ],
          [
            -95.017408,
            29.546136
          ],
          [
            -95.017417,
            29.546148
          ],
          [
            -95.017421,
            29.546154
          ],
          [
            -95.017426,
            29.546159
          ],
          [
            -95.017431,
            29.546164
          ],
          [
            -95.017435,
            29.54617
          ],
          [
            -95.01744,
            29.546175
          ],
          [
            -95.017445,
            29.54618
          ],
          [
            -95.017451,
            29.546184
          ],
          [
            -95.017456,
            29.546189
          ],
          [
            -95.017462,
            29.546194
          ],
          [
            -95.017467,
            29.546198
          ],
          [
            -95.017474,
            29.546203
          ],
          [
            -95.017481,
            29.546207
          ],
          [
            -95.017488,
            29.546212
          ],
          [
            -95.017524,
            29.546233
          ],
          [
            -95.017535,
            29.54624
          ],
          [
            -95.01754,
            29.546243
          ],
          [
            -95.017545,
            29.546247
          ],
          [
            -95.01755,
            29.54625
          ],
          [
            -95.017555,
            29.546254
          ],
          [
            -95.01756,
            29.546257
          ],
          [
            -95.017562,
            29.546259
          ],
          [
            -95.017564,
            29.546261
          ],
          [
            -95.017566,
            29.546263
          ],
          [
            -95.017569,
            29.546265
          ],
          [
            -95.017571,
            29.546267
          ],
          [
            -95.017573,
            29.546269
          ],
          [
            -95.017575,
            29.546272
          ],
          [
            -95.017577,
            29.546274
          ],
          [
            -95.017579,
            29.546276
          ],
          [
            -95.017581,
            29.546278
          ],
          [
            -95.017582,
            29.546281
          ],
          [
            -95.017584,
            29.546283
          ],
          [
            -95.017586,
            29.546285
          ],
          [
            -95.017587,
            29.546287
          ],
          [
            -95.01759,
            29.546292
          ],
          [
            -95.017593,
            29.546296
          ],
          [
            -95.017595,
            29.546301
          ],
          [
            -95.017598,
            29.546305
          ],
          [
            -95.0176,
            29.546309
          ],
          [
            -95.017601,
            29.546313
          ],
          [
            -95.017605,
            29.546321
          ],
          [
            -95.017607,
            29.546328
          ],
          [
            -95.01761,
            29.546335
          ],
          [
            -95.017612,
            29.54634
          ],
          [
            -95.017612,
            29.546343
          ],
          [
            -95.017613,
            29.546345
          ],
          [
            -95.017614,
            29.546348
          ],
          [
            -95.017614,
            29.54635
          ],
          [
            -95.017615,
            29.546353
          ],
          [
            -95.017615,
            29.546355
          ],
          [
            -95.017616,
            29.546357
          ],
          [
            -95.017616,
            29.54636
          ],
          [
            -95.017616,
            29.546362
          ],
          [
            -95.017616,
            29.546365
          ],
          [
            -95.017617,
            29.54637
          ],
          [
            -95.017617,
            29.546376
          ],
          [
            -95.017616,
            29.546382
          ],
          [
            -95.017616,
            29.546389
          ],
          [
            -95.017615,
            29.546396
          ],
          [
            -95.017615,
            29.5464
          ],
          [
            -95.017614,
            29.546404
          ],
          [
            -95.017614,
            29.546408
          ],
          [
            -95.017613,
            29.546412
          ],
          [
            -95.017612,
            29.546416
          ],
          [
            -95.017611,
            29.54642
          ],
          [
            -95.01761,
            29.546425
          ],
          [
            -95.017608,
            29.546429
          ],
          [
            -95.017607,
            29.546434
          ],
          [
            -95.017605,
            29.546438
          ],
          [
            -95.017604,
            29.546443
          ],
          [
            -95.017602,
            29.546447
          ],
          [
            -95.017601,
            29.546449
          ],
          [
            -95.017599,
            29.546452
          ],
          [
            -95.017598,
            29.546454
          ],
          [
            -95.017597,
            29.546456
          ],
          [
            -95.017596,
            29.546459
          ],
          [
            -95.017594,
            29.546461
          ],
          [
            -95.017593,
            29.546464
          ],
          [
            -95.017591,
            29.546466
          ],
          [
            -95.017589,
            29.546468
          ],
          [
            -95.017588,
            29.546471
          ],
          [
            -95.017586,
            29.546473
          ],
          [
            -95.017584,
            29.546476
          ],
          [
            -95.017582,
            29.546478
          ],
          [
            -95.01758,
            29.54648
          ],
          [
            -95.017578,
            29.546483
          ],
          [
            -95.017575,
            29.546485
          ],
          [
            -95.017573,
            29.546488
          ],
          [
            -95.017571,
            29.54649
          ],
          [
            -95.017568,
            29.546493
          ],
          [
            -95.017565,
            29.546495
          ],
          [
            -95.017562,
            29.546497
          ],
          [
            -95.017559,
            29.5465
          ],
          [
            -95.017556,
            29.546502
          ],
          [
            -95.017553,
            29.546505
          ],
          [
            -95.01755,
            29.546507
          ],
          [
            -95.017546,
            29.54651
          ],
          [
            -95.017543,
            29.546512
          ],
          [
            -95.017539,
            29.546515
          ],
          [
            -95.017535,
            29.546517
          ],
          [
            -95.017531,
            29.546519
          ],
          [
            -95.017527,
            29.546522
          ],
          [
            -95.017522,
            29.546524
          ],
          [
            -95.017518,
            29.546526
          ],
          [
            -95.017513,
            29.546528
          ],
          [
            -95.017508,
            29.54653
          ],
          [
            -95.017503,
            29.546532
          ],
          [
            -95.017498,
            29.546534
          ],
          [
            -95.017493,
            29.546535
          ],
          [
            -95.017487,
            29.546537
          ],
          [
            -95.017481,
            29.546538
          ],
          [
            -95.017475,
            29.54654
          ],
          [
            -95.017469,
            29.546541
          ],
          [
            -95.017462,
            29.546542
          ],
          [
            -95.017456,
            29.546543
          ],
          [
            -95.017449,
            29.546543
          ],
          [
            -95.017442,
            29.546544
          ],
          [
            -95.017434,
            29.546544
          ],
          [
            -95.017427,
            29.546544
          ],
          [
            -95.017419,
            29.546544
          ],
          [
            -95.017411,
            29.546544
          ],
          [
            -95.017402,
            29.546544
          ],
          [
            -95.017394,
            29.546543
          ],
          [
            -95.017385,
            29.546542
          ],
          [
            -95.017376,
            29.546541
          ],
          [
            -95.017366,
            29.546539
          ],
          [
            -95.017357,
            29.546537
          ],
          [
            -95.017329,
            29.546532
          ],
          [
            -95.017305,
            29.546528
          ],
          [
            -95.017283,
            29.546525
          ],
          [
            -95.017264,
            29.546523
          ],
          [
            -95.017248,
            29.546521
          ],
          [
            -95.01724,
            29.54652
          ],
          [
            -95.017233,
            29.54652
          ],
          [
            -95.017227,
            29.54652
          ],
          [
            -95.017221,
            29.54652
          ],
          [
            -95.017215,
            29.54652
          ],
          [
            -95.01721,
            29.54652
          ],
          [
            -95.017205,
            29.54652
          ],
          [
            -95.017201,
            29.54652
          ],
          [
            -95.017196,
            29.546521
          ],
          [
            -95.017192,
            29.546521
          ],
          [
            -95.017189,
            29.546522
          ],
          [
            -95.017185,
            29.546522
          ],
          [
            -95.017182,
            29.546523
          ],
          [
            -95.017179,
            29.546523
          ],
          [
            -95.017167,
            29.546526
          ],
          [
            -95.017161,
            29.546528
          ],
          [
            -95.017158,
            29.546528
          ],
          [
            -95.017155,
            29.546529
          ],
          [
            -95.017154,
            29.546529
          ],
          [
            -95.017152,
            29.54653
          ],
          [
            -95.017149,
            29.546531
          ],
          [
            -95.017146,
            29.546532
          ],
          [
            -95.017143,
            29.546533
          ],
          [
            -95.017136,
            29.546535
          ],
          [
            -95.017128,
            29.546538
          ],
          [
            -95.017095,
            29.546552
          ],
          [
            -95.017078,
            29.546559
          ],
          [
            -95.01707,
            29.546563
          ],
          [
            -95.017061,
            29.546566
          ],
          [
            -95.017052,
            29.546569
          ],
          [
            -95.017048,
            29.54657
          ],
          [
            -95.017044,
            29.546571
          ],
          [
            -95.01704,
            29.546572
          ],
          [
            -95.017036,
            29.546573
          ],
          [
            -95.017032,
            29.546574
          ],
          [
            -95.01703,
            29.546574
          ],
          [
            -95.017028,
            29.546575
          ],
          [
            -95.017024,
            29.546576
          ],
          [
            -95.01702,
            29.546577
          ],
          [
            -95.017016,
            29.546577
          ],
          [
            -95.017012,
            29.546578
          ],
          [
            -95.017008,
            29.546579
          ],
          [
            -95.017004,
            29.54658
          ],
          [
            -95.017,
            29.54658
          ],
          [
            -95.016995,
            29.546581
          ],
          [
            -95.016991,
            29.546581
          ],
          [
            -95.016987,
            29.546581
          ],
          [
            -95.016983,
            29.546581
          ],
          [
            -95.016978,
            29.546582
          ],
          [
            -95.016974,
            29.546582
          ],
          [
            -95.01697,
            29.546582
          ],
          [
            -95.016965,
            29.546581
          ],
          [
            -95.016961,
            29.546581
          ],
          [
            -95.016957,
            29.546581
          ],
          [
            -95.016952,
            29.546581
          ],
          [
            -95.016948,
            29.54658
          ],
          [
            -95.016944,
            29.54658
          ],
          [
            -95.01694,
            29.546579
          ],
          [
            -95.016936,
            29.546578
          ],
          [
            -95.016931,
            29.546577
          ],
          [
            -95.016927,
            29.546577
          ],
          [
            -95.016923,
            29.546576
          ],
          [
            -95.016919,
            29.546575
          ],
          [
            -95.016915,
            29.546573
          ],
          [
            -95.016911,
            29.546572
          ],
          [
            -95.016907,
            29.546571
          ],
          [
            -95.016903,
            29.54657
          ],
          [
            -95.0169,
            29.546568
          ],
          [
            -95.016896,
            29.546567
          ],
          [
            -95.016892,
            29.546565
          ],
          [
            -95.016889,
            29.546563
          ],
          [
            -95.016885,
            29.546561
          ],
          [
            -95.016882,
            29.546558
          ],
          [
            -95.016879,
            29.546556
          ],
          [
            -95.016875,
            29.546554
          ],
          [
            -95.016872,
            29.546551
          ],
          [
            -95.016869,
            29.546549
          ],
          [
            -95.016865,
            29.546546
          ],
          [
            -95.016862,
            29.546543
          ],
          [
            -95.016859,
            29.546541
          ],
          [
            -95.016856,
            29.546538
          ],
          [
            -95.016853,
            29.546535
          ],
          [
            -95.01685,
            29.546532
          ],
          [
            -95.016848,
            29.546529
          ],
          [
            -95.016845,
            29.546526
          ],
          [
            -95.016842,
            29.546523
          ],
          [
            -95.01684,
            29.54652
          ],
          [
            -95.016837,
            29.546517
          ],
          [
            -95.016835,
            29.546514
          ],
          [
            -95.016833,
            29.54651
          ],
          [
            -95.01683,
            29.546507
          ],
          [
            -95.016828,
            29.546504
          ],
          [
            -95.016826,
            29.5465
          ],
          [
            -95.016825,
            29.546497
          ],
          [
            -95.016823,
            29.546494
          ],
          [
            -95.016821,
            29.54649
          ],
          [
            -95.016819,
            29.546487
          ],
          [
            -95.016818,
            29.546483
          ],
          [
            -95.016817,
            29.54648
          ],
          [
            -95.016815,
            29.546476
          ],
          [
            -95.016814,
            29.546473
          ],
          [
            -95.016813,
            29.546469
          ],
          [
            -95.016812,
            29.546466
          ],
          [
            -95.016811,
            29.546462
          ],
          [
            -95.01681,
            29.546459
          ],
          [
            -95.01681,
            29.546455
          ],
          [
            -95.016809,
            29.546452
          ],
          [
            -95.016808,
            29.546448
          ],
          [
            -95.016808,
            29.546444
          ],
          [
            -95.016808,
            29.546441
          ],
          [
            -95.016807,
            29.546437
          ],
          [
            -95.016807,
            29.546433
          ],
          [
            -95.016807,
            29.546429
          ],
          [
            -95.016808,
            29.546426
          ],
          [
            -95.016808,
            29.546422
          ],
          [
            -95.016808,
            29.546418
          ],
          [
            -95.016809,
            29.546414
          ],
          [
            -95.016809,
            29.546411
          ],
          [
            -95.01681,
            29.546407
          ],
          [
            -95.016811,
            29.546403
          ],
          [
            -95.016811,
            29.5464
          ],
          [
            -95.016812,
            29.546396
          ],
          [
            -95.016813,
            29.546392
          ],
          [
            -95.016815,
            29.546389
          ],
          [
            -95.016816,
            29.546385
          ],
          [
            -95.016817,
            29.546382
          ],
          [
            -95.016819,
            29.546378
          ],
          [
            -95.01682,
            29.546375
          ],
          [
            -95.016822,
            29.546372
          ],
          [
            -95.016824,
            29.546368
          ],
          [
            -95.016825,
            29.546365
          ],
          [
            -95.016827,
            29.546362
          ],
          [
            -95.016829,
            29.546359
          ],
          [
            -95.016831,
            29.546356
          ],
          [
            -95.016834,
            29.546352
          ],
          [
            -95.016836,
            29.546349
          ],
          [
            -95.016838,
            29.546346
          ],
          [
            -95.016841,
            29.546343
          ],
          [
            -95.016843,
            29.546341
          ],
          [
            -95.016846,
            29.546338
          ],
          [
            -95.016849,
            29.546335
          ],
          [
            -95.016852,
            29.546332
          ],
          [
            -95.016855,
            29.546329
          ],
          [
            -95.016858,
            29.546327
          ],
          [
            -95.016861,
            29.546324
          ],
          [
            -95.016864,
            29.546322
          ],
          [
            -95.016868,
            29.546319
          ],
          [
            -95.016871,
            29.546317
          ],
          [
            -95.016875,
            29.546315
          ],
          [
            -95.016878,
            29.546312
          ],
          [
            -95.016882,
            29.54631
          ],
          [
            -95.016886,
            29.546308
          ],
          [
            -95.01689,
            29.546306
          ],
          [
            -95.016894,
            29.546305
          ],
          [
            -95.016897,
            29.546303
          ],
          [
            -95.016901,
            29.546301
          ],
          [
            -95.016906,
            29.546299
          ],
          [
            -95.01691,
            29.546298
          ],
          [
            -95.016914,
            29.546297
          ],
          [
            -95.016918,
            29.546295
          ],
          [
            -95.016922,
            29.546294
          ],
          [
            -95.016926,
            29.546293
          ],
          [
            -95.016931,
            29.546292
          ],
          [
            -95.016935,
            29.546291
          ],
          [
            -95.016939,
            29.54629
          ],
          [
            -95.016961,
            29.546286
          ],
          [
            -95.016982,
            29.546282
          ],
          [
            -95.017002,
            29.546279
          ],
          [
            -95.017022,
            29.546277
          ],
          [
            -95.01704,
            29.546275
          ],
          [
            -95.017057,
            29.546274
          ],
          [
            -95.017074,
            29.546274
          ],
          [
            -95.01709,
            29.546274
          ],
          [
            -95.017105,
            29.546274
          ],
          [
            -95.017112,
            29.546274
          ],
          [
            -95.017119,
            29.546275
          ],
          [
            -95.017126,
            29.546275
          ],
          [
            -95.017133,
            29.546276
          ],
          [
            -95.017139,
            29.546277
          ],
          [
            -95.017145,
            29.546278
          ],
          [
            -95.017151,
            29.546279
          ],
          [
            -95.017157,
            29.546279
          ],
          [
            -95.017163,
            29.546281
          ],
          [
            -95.017168,
            29.546282
          ],
          [
            -95.017174,
            29.546283
          ],
          [
            -95.017179,
            29.546284
          ],
          [
            -95.017184,
            29.546285
          ],
          [
            -95.017188,
            29.546286
          ],
          [
            -95.017193,
            29.546288
          ],
          [
            -95.017197,
            29.546289
          ],
          [
            -95.017202,
            29.54629
          ],
          [
            -95.017206,
            29.546292
          ],
          [
            -95.01721,
            29.546293
          ],
          [
            -95.017213,
            29.546295
          ],
          [
            -95.017217,
            29.546296
          ],
          [
            -95.01722,
            29.546298
          ],
          [
            -95.017224,
            29.546299
          ],
          [
            -95.017227,
            29.5463
          ],
          [
            -95.01723,
            29.546302
          ],
          [
            -95.017232,
            29.546303
          ],
          [
            -95.017235,
            29.546305
          ],
          [
            -95.017237,
            29.546306
          ],
          [
            -95.01724,
            29.546307
          ],
          [
            -95.017242,
            29.546308
          ],
          [
            -95.017246,
            29.546311
          ],
          [
            -95.017249,
            29.546313
          ],
          [
            -95.017252,
            29.546315
          ],
          [
            -95.017254,
            29.546317
          ],
          [
            -95.017256,
            29.546318
          ],
          [
            -95.017257,
            29.546319
          ],
          [
            -95.017258,
            29.54632
          ],
          [
            -95.017258,
            29.54632
          ],
          [
            -95.017258,
            29.54632
          ],
          [
            -95.017258,
            29.54632
          ],
          [
            -95.017258,
            29.54632
          ],
          [
            -95.017395,
            29.546455
          ],
          [
            -95.017396,
            29.546456
          ],
          [
            -95.017398,
            29.546458
          ],
          [
            -95.0174,
            29.546459
          ],
          [
            -95.017401,
            29.54646
          ],
          [
            -95.017403,
            29.546462
          ],
          [
            -95.017405,
            29.546463
          ],
          [
            -95.017407,
            29.546464
          ],
          [
            -95.017409,
            29.546465
          ],
          [
            -95.017411,
            29.546466
          ],
          [
            -95.017413,
            29.546467
          ],
          [
            -95.017415,
            29.546468
          ],
          [
            -95.017417,
            29.546469
          ],
          [
            -95.017419,
            29.54647
          ],
          [
            -95.017421,
            29.546471
          ],
          [
            -95.017424,
            29.546472
          ],
          [
            -95.017426,
            29.546473
          ],
          [
            -95.017428,
            29.546474
          ],
          [
            -95.01743,
            29.546474
          ],
          [
            -95.017433,
            29.546475
          ],
          [
            -95.017435,
            29.546476
          ],
          [
            -95.017437,
            29.546476
          ],
          [
            -95.017439,
            29.546477
          ],
          [
            -95.017442,
            29.546477
          ],
          [
            -95.017444,
            29.546477
          ],
          [
            -95.017446,
            29.546478
          ],
          [
            -95.017449,
            29.546478
          ],
          [
            -95.017451,
            29.546478
          ],
          [
            -95.017453,
            29.546479
          ],
          [
            -95.017456,
            29.546479
          ],
          [
            -95.017458,
            29.546479
          ],
          [
            -95.01746,
            29.546479
          ],
          [
            -95.017463,
            29.546479
          ],
          [
            -95.017465,
            29.546479
          ],
          [
            -95.017467,
            29.546479
          ],
          [
            -95.017469,
            29.546479
          ],
          [
            -95.017472,
            29.546478
          ],
          [
            -95.017474,
            29.546478
          ],
          [
            -95.017476,
            29.546478
          ],
          [
            -95.017478,
            29.546478
          ],
          [
            -95.017481,
            29.546477
          ],
          [
            -95.017483,
            29.546477
          ],
          [
            -95.017485,
            29.546476
          ],
          [
            -95.017487,
            29.546476
          ],
          [
            -95.01749,
            29.546475
          ],
          [
            -95.017492,
            29.546475
          ],
          [
            -95.017494,
            29.546474
          ],
          [
            -95.017496,
            29.546473
          ],
          [
            -95.017498,
            29.546473
          ],
          [
            -95.0175,
            29.546472
          ],
          [
            -95.017503,
            29.546471
          ],
          [
            -95.017505,
            29.54647
          ],
          [
            -95.017507,
            29.546469
          ],
          [
            -95.017509,
            29.546468
          ],
          [
            -95.017511,
            29.546467
          ],
          [
            -95.017513,
            29.546466
          ],
          [
            -95.017515,
            29.546465
          ],
          [
            -95.017517,
            29.546464
          ],
          [
            -95.017518,
            29.546463
          ],
          [
            -95.01752,
            29.546461
          ],
          [
            -95.017522,
            29.54646
          ],
          [
            -95.017524,
            29.546459
          ],
          [
            -95.017526,
            29.546458
          ],
          [
            -95.017527,
            29.546456
          ],
          [
            -95.017529,
            29.546455
          ],
          [
            -95.017531,
            29.546452
          ],
          [
            -95.017534,
            29.546449
          ],
          [
            -95.017536,
            29.546446
          ],
          [
            -95.017538,
            29.546443
          ],
          [
            -95.01754,
            29.546441
          ],
          [
            -95.017542,
            29.546438
          ],
          [
            -95.017544,
            29.546436
          ],
          [
            -95.017545,
            29.546433
          ],
          [
            -95.017546,
            29.546431
          ],
          [
            -95.017546,
            29.546431
          ],
          [
            -95.017547,
            29.54643
          ],
          [
            -95.017547,
            29.546429
          ],
          [
            -95.017548,
            29.546427
          ],
          [
            -95.01755,
            29.546423
          ],
          [
            -95.017551,
            29.546419
          ],
          [
            -95.017552,
            29.546416
          ],
          [
            -95.017553,
            29.546413
          ],
          [
            -95.017554,
            29.54641
          ],
          [
            -95.017554,
            29.546407
          ],
          [
            -95.017555,
            29.546404
          ],
          [
            -95.017556,
            29.546402
          ],
          [
            -95.017556,
            29.546398
          ],
          [
            -95.017557,
            29.546394
          ],
          [
            -95.017557,
            29.54639
          ],
          [
            -95.017558,
            29.546387
          ],
          [
            -95.017558,
            29.546384
          ],
          [
            -95.017558,
            29.546381
          ],
          [
            -95.017558,
            29.546378
          ],
          [
            -95.017558,
            29.546375
          ],
          [
            -95.017558,
            29.54637
          ],
          [
            -95.017558,
            29.546368
          ],
          [
            -95.017558,
            29.546366
          ],
          [
            -95.017558,
            29.546364
          ],
          [
            -95.017558,
            29.546363
          ],
          [
            -95.017557,
            29.546361
          ],
          [
            -95.017557,
            29.54636
          ],
          [
            -95.017557,
            29.546358
          ],
          [
            -95.017556,
            29.546356
          ],
          [
            -95.017555,
            29.546354
          ],
          [
            -95.017553,
            29.546348
          ],
          [
            -95.01755,
            29.546339
          ],
          [
            -95.017548,
            29.546333
          ],
          [
            -95.017546,
            29.546329
          ],
          [
            -95.017544,
            29.546325
          ],
          [
            -95.017543,
            29.546323
          ],
          [
            -95.017542,
            29.546321
          ],
          [
            -95.017541,
            29.546319
          ],
          [
            -95.017539,
            29.546317
          ],
          [
            -95.017538,
            29.546315
          ],
          [
            -95.017537,
            29.546313
          ],
          [
            -95.017536,
            29.546311
          ],
          [
            -95.017534,
            29.546309
          ],
          [
            -95.017533,
            29.546307
          ],
          [
            -95.017531,
            29.546306
          ],
          [
            -95.01753,
            29.546304
          ],
          [
            -95.017528,
            29.546302
          ],
          [
            -95.017527,
            29.546301
          ],
          [
            -95.017526,
            29.546299
          ],
          [
            -95.017525,
            29.546299
          ],
          [
            -95.017525,
            29.546299
          ],
          [
            -95.017522,
            29.546297
          ],
          [
            -95.01752,
            29.546294
          ],
          [
            -95.017516,
            29.546292
          ],
          [
            -95.017512,
            29.546289
          ],
          [
            -95.017507,
            29.546286
          ],
          [
            -95.017501,
            29.546283
          ],
          [
            -95.017496,
            29.54628
          ],
          [
            -95.01749,
            29.546278
          ],
          [
            -95.017479,
            29.546272
          ],
          [
            -95.017468,
            29.546268
          ],
          [
            -95.017456,
            29.546263
          ],
          [
            -95.017445,
            29.546259
          ],
          [
            -95.017433,
            29.546255
          ],
          [
            -95.017421,
            29.546251
          ],
          [
            -95.017409,
            29.546248
          ],
          [
            -95.017397,
            29.546245
          ],
          [
            -95.017384,
            29.546241
          ],
          [
            -95.017372,
            29.546239
          ],
          [
            -95.01736,
            29.546236
          ],
          [
            -95.017347,
            29.546234
          ],
          [
            -95.017335,
            29.546232
          ],
          [
            -95.017323,
            29.54623
          ],
          [
            -95.01731,
            29.546229
          ],
          [
            -95.017297,
            29.546227
          ],
          [
            -95.017285,
            29.546226
          ],
          [
            -95.017272,
            29.546226
          ],
          [
            -95.017259,
            29.546225
          ],
          [
            -95.017247,
            29.546225
          ],
          [
            -95.017234,
            29.546226
          ],
          [
            -95.017221,
            29.546226
          ],
          [
            -95.017209,
            29.546227
          ],
          [
            -95.017196,
            29.546228
          ],
          [
            -95.017171,
            29.54623
          ],
          [
            -95.017145,
            29.546233
          ],
          [
            -95.017118,
            29.546237
          ],
          [
            -95.016966,
            29.546259
          ],
          [
            -95.016949,
            29.546262
          ],
          [
            -95.016933,
            29.546265
          ],
          [
            -95.016928,
            29.546266
          ],
          [
            -95.016923,
            29.546267
          ],
          [
            -95.016918,
            29.546268
          ],
          [
            -95.016913,
            29.54627
          ],
          [
            -95.016908,
            29.546271
          ],
          [
            -95.016903,
            29.546273
          ],
          [
            -95.016899,
            29.546274
          ],
          [
            -95.016894,
            29.546276
          ],
          [
            -95.016889,
            29.546278
          ],
          [
            -95.016884,
            29.54628
          ],
          [
            -95.01688,
            29.546282
          ],
          [
            -95.016875,
            29.546284
          ],
          [
            -95.016871,
            29.546287
          ],
          [
            -95.016866,
            29.546289
          ],
          [
            -95.016862,
            29.546291
          ],
          [
            -95.016858,
            29.546294
          ],
          [
            -95.016854,
            29.546297
          ],
          [
            -95.01685,
            29.5463
          ],
          [
            -95.016846,
            29.546302
          ],
          [
            -95.016842,
            29.546305
          ],
          [
            -95.016838,
            29.546308
          ],
          [
            -95.016834,
            29.546311
          ],
          [
            -95.016831,
            29.546315
          ],
          [
            -95.016827,
            29.546318
          ],
          [
            -95.016824,
            29.546321
          ],
          [
            -95.016821,
            29.546325
          ],
          [
            -95.016818,
            29.546328
          ],
          [
            -95.016815,
            29.546332
          ],
          [
            -95.016812,
            29.546335
          ],
          [
            -95.016809,
            29.546339
          ],
          [
            -95.016806,
            29.546342
          ],
          [
            -95.016804,
            29.546346
          ],
          [
            -95.016802,
            29.54635
          ],
          [
            -95.016799,
            29.546354
          ],
          [
            -95.016797,
            29.546358
          ],
          [
            -95.016795,
            29.546361
          ],
          [
            -95.016793,
            29.546365
          ],
          [
            -95.016791,
            29.546369
          ],
          [
            -95.01679,
            29.546373
          ],
          [
            -95.016788,
            29.546377
          ],
          [
            -95.016787,
            29.546382
          ],
          [
            -95.016785,
            29.546386
          ],
          [
            -95.016784,
            29.54639
          ],
          [
            -95.016783,
            29.546394
          ],
          [
            -95.016782,
            29.546399
          ],
          [
            -95.016781,
            29.546403
          ],
          [
            -95.01678,
            29.546407
          ],
          [
            -95.01678,
            29.546412
          ],
          [
            -95.016779,
            29.546416
          ],
          [
            -95.016779,
            29.54642
          ],
          [
            -95.016778,
            29.546425
          ],
          [
            -95.016778,
            29.546429
          ],
          [
            -95.016778,
            29.546433
          ],
          [
            -95.016778,
            29.546438
          ],
          [
            -95.016779,
            29.546442
          ],
          [
            -95.016779,
            29.546446
          ],
          [
            -95.016779,
            29.546451
          ],
          [
            -95.01678,
            29.546455
          ],
          [
            -95.016781,
            29.546459
          ],
          [
            -95.016782,
            29.546463
          ],
          [
            -95.016782,
            29.546468
          ],
          [
            -95.016784,
            29.546472
          ],
          [
            -95.016785,
            29.546476
          ],
          [
            -95.016786,
            29.54648
          ],
          [
            -95.016787,
            29.546484
          ],
          [
            -95.016789,
            29.546488
          ],
          [
            -95.016791,
            29.546492
          ],
          [
            -95.016792,
            29.546496
          ],
          [
            -95.016794,
            29.5465
          ],
          [
            -95.016796,
            29.546504
          ],
          [
            -95.016798,
            29.546508
          ],
          [
            -95.0168,
            29.546512
          ],
          [
            -95.016803,
            29.546516
          ],
          [
            -95.016805,
            29.546519
          ],
          [
            -95.016808,
            29.546523
          ],
          [
            -95.01681,
            29.546527
          ],
          [
            -95.016813,
            29.546531
          ],
          [
            -95.016816,
            29.546534
          ],
          [
            -95.016819,
            29.546538
          ],
          [
            -95.016822,
            29.546541
          ],
          [
            -95.016825,
            29.546545
          ],
          [
            -95.016828,
            29.546548
          ],
          [
            -95.016831,
            29.546552
          ],
          [
            -95.016835,
            29.546555
          ],
          [
            -95.016838,
            29.546558
          ],
          [
            -95.016842,
            29.546561
          ],
          [
            -95.016845,
            29.546564
          ],
          [
            -95.016849,
            29.546567
          ],
          [
            -95.016853,
            29.54657
          ],
          [
            -95.016856,
            29.546573
          ],
          [
            -95.01686,
            29.546576
          ],
          [
            -95.016864,
            29.546579
          ],
          [
            -95.016868,
            29.546581
          ],
          [
            -95.016872,
            29.546584
          ],
          [
            -95.016876,
            29.546586
          ],
          [
            -95.01688,
            29.546588
          ],
          [
            -95.016882,
            29.546589
          ],
          [
            -95.016884,
            29.54659
          ],
          [
            -95.016888,
            29.546592
          ],
          [
            -95.016892,
            29.546593
          ],
          [
            -95.016897,
            29.546595
          ],
          [
            -95.016901,
            29.546596
          ],
          [
            -95.016906,
            29.546598
          ],
          [
            -95.01691,
            29.546599
          ],
          [
            -95.016918,
            29.546601
          ],
          [
            -95.016921,
            29.546602
          ],
          [
            -95.016924,
            29.546602
          ],
          [
            -95.016926,
            29.546603
          ],
          [
            -95.016928,
            29.546603
          ],
          [
            -95.016934,
            29.546604
          ],
          [
            -95.016939,
            29.546605
          ],
          [
            -95.016945,
            29.546605
          ],
          [
            -95.016952,
            29.546606
          ],
          [
            -95.016958,
            29.546606
          ],
          [
            -95.016965,
            29.546607
          ],
          [
            -95.016972,
            29.546607
          ],
          [
            -95.016979,
            29.546607
          ],
          [
            -95.017012,
            29.546606
          ],
          [
            -95.017041,
            29.546604
          ],
          [
            -95.017054,
            29.546603
          ],
          [
            -95.017067,
            29.546601
          ],
          [
            -95.017079,
            29.5466
          ],
          [
            -95.01709,
            29.546598
          ],
          [
            -95.017101,
            29.546597
          ],
          [
            -95.017106,
            29.546596
          ],
          [
            -95.017111,
            29.546595
          ],
          [
            -95.017116,
            29.546594
          ],
          [
            -95.017121,
            29.546592
          ],
          [
            -95.017126,
            29.546591
          ],
          [
            -95.01713,
            29.54659
          ],
          [
            -95.017135,
            29.546589
          ],
          [
            -95.017139,
            29.546587
          ],
          [
            -95.017144,
            29.546586
          ],
          [
            -95.017148,
            29.546584
          ],
          [
            -95.017152,
            29.546582
          ],
          [
            -95.017156,
            29.546581
          ],
          [
            -95.017161,
            29.546579
          ],
          [
            -95.017165,
            29.546577
          ],
          [
            -95.017315,
            29.546504
          ],
          [
            -95.017329,
            29.546495
          ],
          [
            -95.017341,
            29.546487
          ],
          [
            -95.017352,
            29.546479
          ],
          [
            -95.017357,
            29.546476
          ],
          [
            -95.017362,
            29.546472
          ],
          [
            -95.017366,
            29.546469
          ],
          [
            -95.01737,
            29.546465
          ],
          [
            -95.017373,
            29.546462
          ],
          [
            -95.017377,
            29.546459
          ],
          [
            -95.01738,
            29.546456
          ],
          [
            -95.017383,
            29.546453
          ],
          [
            -95.017386,
            29.54645
          ],
          [
            -95.017388,
            29.546447
          ],
          [
            -95.017391,
            29.546444
          ],
          [
            -95.017393,
            29.546441
          ],
          [
            -95.017395,
            29.546438
          ],
          [
            -95.017397,
            29.546435
          ],
          [
            -95.017399,
            29.546432
          ],
          [
            -95.017401,
            29.546429
          ],
          [
            -95.017404,
            29.546423
          ],
          [
            -95.017418,
            29.546396
          ],
          [
            -95.017529,
            29.546188
          ],
          [
            -95.017533,
            29.54618
          ],
          [
            -95.017537,
            29.546172
          ],
          [
            -95.01754,
            29.546165
          ],
          [
            -95.017544,
            29.546157
          ],
          [
            -95.017547,
            29.546149
          ],
          [
            -95.01755,
            29.54614
          ],
          [
            -95.017552,
            29.546132
          ],
          [
            -95.017554,
            29.546124
          ],
          [
            -95.017556,
            29.546115
          ],
          [
            -95.017558,
            29.546107
          ],
          [
            -95.01756,
            29.546099
          ],
          [
            -95.017561,
            29.54609
          ],
          [
            -95.017562,
            29.546082
          ],
          [
            -95.017562,
            29.546073
          ],
          [
            -95.017563,
            29.546065
          ],
          [
            -95.017563,
            29.546056
          ],
          [
            -95.017563,
            29.546054
          ],
          [
            -95.017563,
            29.546052
          ],
          [
            -95.017562,
            29.546049
          ],
          [
            -95.017562,
            29.546047
          ],
          [
            -95.017562,
            29.546045
          ],
          [
            -95.017562,
            29.546042
          ],
          [
            -95.017561,
            29.54604
          ],
          [
            -95.017561,
            29.546038
          ],
          [
            -95.017561,
            29.546036
          ],
          [
            -95.01756,
            29.546034
          ],
          [
            -95.01756,
            29.546031
          ],
          [
            -95.017559,
            29.546029
          ],
          [
            -95.017558,
            29.546027
          ],
          [
            -95.017558,
            29.546025
          ],
          [
            -95.017557,
            29.546023
          ],
          [
            -95.017556,
            29.546021
          ],
          [
            -95.017555,
            29.546019
          ],
          [
            -95.017555,
            29.546017
          ],
          [
            -95.017554,
            29.546015
          ],
          [
            -95.017553,
            29.546013
          ],
          [
            -95.017552,
            29.546011
          ],
          [
            -95.017551,
            29.546009
          ],
          [
            -95.01755,
            29.546007
          ],
          [
            -95.017549,
            29.546005
          ],
          [
            -95.017548,
            29.546003
          ],
          [
            -95.017547,
            29.546001
          ],
          [
            -95.017545,
            29.545999
          ],
          [
            -95.017544,
            29.545997
          ],
          [
            -95.017543,
            29.545996
          ],
          [
            -95.017542,
            29.545994
          ],
          [
            -95.017539,
            29.545991
          ],
          [
            -95.017538,
            29.545989
          ],
          [
            -95.017536,
            29.545987
          ],
          [
            -95.017534,
            29.545985
          ],
          [
            -95.017532,
            29.545983
          ],
          [
            -95.01753,
            29.545981
          ],
          [
            -95.017528,
            29.545979
          ],
          [
            -95.017526,
            29.545977
          ],
          [
            -95.017524,
            29.545975
          ],
          [
            -95.017522,
            29.545973
          ],
          [
            -95.017519,
            29.545971
          ],
          [
            -95.017517,
            29.545969
          ],
          [
            -95.017515,
            29.545967
          ],
          [
            -95.017512,
            29.545966
          ],
          [
            -95.01751,
            29.545964
          ],
          [
            -95.017507,
            29.545962
          ],
          [
            -95.017505,
            29.545961
          ],
          [
            -95.017502,
            29.545959
          ],
          [
            -95.017499,
            29.545958
          ],
          [
            -95.017496,
            29.545956
          ],
          [
            -95.017493,
            29.545955
          ],
          [
            -95.017491,
            29.545953
          ],
          [
            -95.017488,
            29.545952
          ],
          [
            -95.017485,
            29.545951
          ],
          [
            -95.017482,
            29.54595
          ],
          [
            -95.017478,
            29.545949
          ],
          [
            -95.017475,
            29.545948
          ],
          [
            -95.017472,
            29.545947
          ],
          [
            -95.017469,
            29.545946
          ],
          [
            -95.017466,
            29.545945
          ],
          [
            -95.017463,
            29.545944
          ],
          [
            -95.017459,
            29.545944
          ],
          [
            -95.017456,
            29.545943
          ],
          [
            -95.017453,
            29.545942
          ],
          [
            -95.017449,
            29.545942
          ],
          [
            -95.017446,
            29.545942
          ],
          [
            -95.017443,
            29.545941
          ],
          [
            -95.017439,
            29.545941
          ],
          [
            -95.017436,
            29.545941
          ],
          [
            -95.017433,
            29.545941
          ],
          [
            -95.017429,
            29.545941
          ],
          [
            -95.017426,
            29.545941
          ],
          [
            -95.017423,
            29.545941
          ],
          [
            -95.017419,
            29.545941
          ],
          [
            -95.017416,
            29.545941
          ],
          [
            -95.017413,
            29.545942
          ],
          [
            -95.01741,
            29.545942
          ],
          [
            -95.017406,
            29.545942
          ],
          [
            -95.017403,
            29.545943
          ],
          [
            -95.0174,
            29.545944
          ],
          [
            -95.017397,
            29.545944
          ],
          [
            -95.017394,
            29.545945
          ],
          [
            -95.017391,
            29.545946
          ],
          [
            -95.017388,
            29.545947
          ],
          [
            -95.017385,
            29.545947
          ],
          [
            -95.017382,
            29.545948
          ],
          [
            -95.017379,
            29.545949
          ],
          [
            -95.017376,
            29.54595
          ],
          [
            -95.017374,
            29.545952
          ],
          [
            -95.017371,
            29.545953
          ],
          [
            -95.017368,
            29.545954
          ],
          [
            -95.017366,
            29.545955
          ],
          [
            -95.017363,
            29.545956
          ],
          [
            -95.017361,
            29.545958
          ],
          [
            -95.017358,
            29.545959
          ],
          [
            -95.017356,
            29.54596
          ],
          [
            -95.017353,
            29.545962
          ],
          [
            -95.01735,
            29.545964
          ],
          [
            -95.017346,
            29.545967
          ],
          [
            -95.017343,
            29.54597
          ],
          [
            -95.017339,
            29.545972
          ],
          [
            -95.017336,
            29.545975
          ],
          [
            -95.017333,
            29.545978
          ],
          [
            -95.017331,
            29.545981
          ],
          [
            -95.017328,
            29.545983
          ],
          [
            -95.017325,
            29.545987
          ],
          [
            -95.017324,
            29.545988
          ],
          [
            -95.017322,
            29.54599
          ],
          [
            -95.017321,
            29.545992
          ],
          [
            -95.01732,
            29.545993
          ],
          [
            -95.017318,
            29.545995
          ],
          [
            -95.017317,
            29.545997
          ],
          [
            -95.017316,
            29.545999
          ],
          [
            -95.017315,
            29.546
          ],
          [
            -95.017314,
            29.546002
          ],
          [
            -95.017313,
            29.546004
          ],
          [
            -95.017312,
            29.546005
          ],
          [
            -95.017311,
            29.546007
          ],
          [
            -95.01731,
            29.546009
          ],
          [
            -95.017309,
            29.546011
          ],
          [
            -95.017308,
            29.546013
          ],
          [
            -95.017307,
            29.546014
          ],
          [
            -95.017307,
            29.546016
          ],
          [
            -95.017306,
            29.546018
          ],
          [
            -95.017305,
            29.54602
          ],
          [
            -95.017305,
            29.546022
          ],
          [
            -95.017304,
            29.546023
          ],
          [
            -95.017304,
            29.546025
          ],
          [
            -95.017222,
            29.546419
          ],
          [
            -95.017222,
            29.546423
          ],
          [
            -95.017221,
            29.546428
          ],
          [
            -95.017219,
            29.546432
          ],
          [
            -95.017218,
            29.546436
          ],
          [
            -95.017217,
            29.54644
          ],
          [
            -95.017215,
            29.546445
          ],
          [
            -95.017213,
            29.546449
          ],
          [
            -95.017211,
            29.546453
          ],
          [
            -95.017209,
            29.546457
          ],
          [
            -95.017207,
            29.546461
          ],
          [
            -95.017204,
            29.546464
          ],
          [
            -95.017201,
            29.546468
          ],
          [
            -95.017199,
            29.546472
          ],
          [
            -95.017196,
            29.546475
          ],
          [
            -95.017193,
            29.546479
          ],
          [
            -95.01719,
            29.546482
          ],
          [
            -95.017186,
            29.546486
          ],
          [
            -95.017183,
            29.546489
          ],
          [
            -95.017179,
            29.546492
          ],
          [
            -95.017175,
            29.546495
          ],
          [
            -95.017172,
            29.546498
          ],
          [
            -95.017168,
            29.546501
          ],
          [
            -95.017164,
            29.546503
          ],
          [
            -95.01716,
            29.546506
          ],
          [
            -95.017155,
            29.546508
          ],
          [
            -95.017151,
            29.54651
          ],
          [
            -95.017147,
            29.546513
          ],
          [
            -95.017142,
            29.546515
          ],
          [
            -95.017138,
            29.546516
          ],
          [
            -95.017133,
            29.546518
          ],
          [
            -95.01702,
            29.546549
          ],
          [
            -95.017016,
            29.54655
          ],
          [
            -95.017013,
            29.546551
          ],
          [
            -95.017009,
            29.546552
          ],
          [
            -95.017006,
            29.546552
          ],
          [
            -95.017002,
            29.546553
          ],
          [
            -95.016999,
            29.546553
          ],
          [
            -95.016995,
            29.546554
          ],
          [
            -95.016992,
            29.546554
          ],
          [
            -95.016988,
            29.546554
          ],
          [
            -95.016985,
            29.546555
          ],
          [
            -95.016981,
            29.546555
          ],
          [
            -95.016978,
            29.546555
          ],
          [
            -95.016974,
            29.546555
          ],
          [
            -95.01697,
            29.546555
          ],
          [
            -95.016967,
            29.546555
          ],
          [
            -95.016963,
            29.546555
          ],
          [
            -95.016959,
            29.546554
          ],
          [
            -95.016956,
            29.546554
          ],
          [
            -95.016952,
            29.546554
          ],
          [
            -95.016949,
            29.546553
          ],
          [
            -95.016945,
            29.546553
          ],
          [
            -95.016942,
            29.546552
          ],
          [
            -95.016938,
            29.546552
          ],
          [
            -95.016935,
            29.546551
          ],
          [
            -95.016932,
            29.54655
          ],
          [
            -95.016929,
            29.546549
          ],
          [
            -95.016926,
            29.546548
          ],
          [
            -95.016923,
            29.546548
          ],
          [
            -95.01692,
            29.546547
          ],
          [
            -95.016917,
            29.546546
          ],
          [
            -95.016914,
            29.546545
          ],
          [
            -95.016911,
            29.546544
          ],
          [
            -95.016908,
            29.546542
          ],
          [
            -95.016905,
            29.54654
          ],
          [
            -95.016902,
            29.546539
          ],
          [
            -95.0169,
            29.546537
          ],
          [
            -95.016897,
            29.546535
          ],
          [
            -95.016894,
            29.546533
          ],
          [
            -95.016892,
            29.546531
          ],
          [
            -95.016889,
            29.546529
          ],
          [
            -95.016886,
            29.546527
          ],
          [
            -95.016884,
            29.546525
          ],
          [
            -95.016881,
            29.546522
          ],
          [
            -95.016879,
            29.54652
          ],
          [
            -95.016876,
            29.546518
          ],
          [
            -95.016874,
            29.546515
          ],
          [
            -95.016871,
            29.546513
          ],
          [
            -95.016869,
            29.54651
          ],
          [
            -95.016867,
            29.546508
          ],
          [
            -95.016865,
            29.546505
          ],
          [
            -95.016863,
            29.546502
          ],
          [
            -95.016861,
            29.5465
          ],
          [
            -95.016859,
            29.546497
          ],
          [
            -95.016857,
            29.546494
          ],
          [
            -95.016855,
            29.546491
          ],
          [
            -95.016854,
            29.546488
          ],
          [
            -95.016852,
            29.546486
          ],
          [
            -95.016851,
            29.546483
          ],
          [
            -95.016849,
            29.54648
          ],
          [
            -95.016848,
            29.546477
          ],
          [
            -95.016847,
            29.546474
          ],
          [
            -95.016846,
            29.546471
          ],
          [
            -95.016844,
            29.546469
          ],
          [
            -95.016843,
            29.546466
          ],
          [
            -95.016843,
            29.546463
          ],
          [
            -95.016842,
            29.54646
          ],
          [
            -95.016841,
            29.546457
          ],
          [
            -95.01684,
            29.546454
          ],
          [
            -95.01684,
            29.546451
          ],
          [
            -95.016839,
            29.546448
          ],
          [
            -95.016839,
            29.546445
          ],
          [
            -95.016838,
            29.546442
          ],
          [
            -95.016838,
            29.546439
          ],
          [
            -95.016838,
            29.546436
          ],
          [
            -95.016838,
            29.546433
          ],
          [
            -95.016838,
            29.54643
          ],
          [
            -95.016838,
            29.546427
          ],
          [
            -95.016838,
            29.546424
          ],
          [
            -95.016839,
            29.546421
          ],
          [
            -95.016839,
            29.546418
          ],
          [
            -95.016839,
            29.546414
          ],
          [
            -95.01684,
            29.546411
          ],
          [
            -95.016841,
            29.546408
          ],
          [
            -95.016841,
            29.546405
          ],
          [
            -95.016842,
            29.546402
          ],
          [
            -95.016843,
            29.546399
          ],
          [
            -95.016844,
            29.546397
          ],
          [
            -95.016845,
            29.546394
          ],
          [
            -95.016846,
            29.546391
          ],
          [
            -95.016847,
            29.546388
          ],
          [
            -95.016849,
            29.546385
          ],
          [
            -95.01685,
            29.546382
          ],
          [
            -95.016851,
            29.54638
          ],
          [
            -95.016853,
            29.546377
          ],
          [
            -95.016854,
            29.546374
          ],
          [
            -95.016856,
            29.546372
          ],
          [
            -95.016858,
            29.546369
          ],
          [
            -95.016859,
            29.546367
          ],
          [
            -95.016861,
            29.546364
          ],
          [
            -95.016863,
            29.546362
          ],
          [
            -95.016865,
            29.546359
          ],
          [
            -95.016867,
            29.546357
          ],
          [
            -95.016869,
            29.546355
          ],
          [
            -95.016872,
            29.546353
          ],
          [
            -95.016874,
            29.54635
          ],
          [
            -95.016877,
            29.546348
          ],
          [
            -95.016879,
            29.546346
          ],
          [
            -95.016882,
            29.546344
          ],
          [
            -95.016884,
            29.546342
          ],
          [
            -95.016887,
            29.54634
          ],
          [
            -95.01689,
            29.546338
          ],
          [
            -95.016893,
            29.546336
          ],
          [
            -95.016896,
            29.546334
          ],
          [
            -95.016899,
            29.546333
          ],
          [
            -95.016902,
            29.546331
          ],
          [
            -95.016905,
            29.546329
          ],
          [
            -95.016908,
            29.546328
          ],
          [
            -95.016911,
            29.546326
          ],
          [
            -95.016914,
            29.546325
          ],
          [
            -95.016918,
            29.546324
          ],
          [
            -95.016921,
            29.546323
          ],
          [
            -95.016925,
            29.546321
          ],
          [
            -95.016928,
            29.54632
          ],
          [
            -95.016932,
            29.546319
          ],
          [
            -95.016935,
            29.546318
          ],
          [
            -95.016939,
            29.546317
          ],
          [
            -95.016942,
            29.546317
          ],
          [
            -95.016946,
            29.546316
          ],
          [
            -95.016961,
            29.546313
          ],
          [
            -95.016976,
            29.54631
          ],
          [
            -95.01699,
            29.546308
          ],
          [
            -95.017004,
            29.546306
          ],
          [
            -95.017017,
            29.546304
          ],
          [
            -95.01703,
            29.546303
          ],
          [
            -95.017042,
            29.546302
          ],
          [
            -95.017055,
            29.546301
          ],
          [
            -95.017064,
            29.546301
          ],
          [
            -95.017073,
            29.5463
          ],
          [
            -95.017083,
            29.5463
          ],
          [
            -95.017092,
            29.5463
          ],
          [
            -95.017101,
            29.546301
          ],
          [
            -95.017111,
            29.546301
          ],
          [
            -95.01712,
            29.546302
          ],
          [
            -95.017128,
            29.546302
          ],
          [
            -95.017137,
            29.546303
          ],
          [
            -95.017146,
            29.546305
          ],
          [
            -95.017153,
            29.546306
          ],
          [
            -95.01716,
            29.546307
          ],
          [
            -95.017167,
            29.546309
          ],
          [
            -95.017174,
            29.54631
          ],
          [
            -95.017179,
            29.546312
          ],
          [
            -95.017185,
            29.546313
          ],
          [
            -95.01719,
            29.546315
          ],
          [
            -95.017196,
            29.546317
          ],
          [
            -95.0172,
            29.546319
          ],
          [
            -95.017204,
            29.54632
          ],
          [
            -95.017209,
            29.546322
          ],
          [
            -95.017213,
            29.546324
          ],
          [
            -95.017216,
            29.546326
          ],
          [
            -95.017219,
            29.546327
          ],
          [
            -95.017221,
            29.546328
          ],
          [
            -95.017223,
            29.54633
          ],
          [
            -95.017225,
            29.546331
          ],
          [
            -95.017227,
            29.546332
          ],
          [
            -95.017229,
            29.546333
          ],
          [
            -95.017231,
            29.546334
          ],
          [
            -95.017232,
            29.546335
          ],
          [
            -95.017233,
            29.546336
          ],
          [
            -95.017234,
            29.546337
          ],
          [
            -95.017235,
            29.546337
          ],
          [
            -95.017235,
            29.546338
          ],
          [
            -95.017235,
            29.546338
          ],
          [
            -95.017374,
            29.546473
          ],
          [
            -95.017377,
            29.546476
          ],
          [
            -95.01738,
            29.546478
          ],
          [
            -95.017384,
            29.54648
          ],
          [
            -95.017387,
            29.546483
          ],
          [
            -95.01739,
            29.546485
          ],
          [
            -95.017394,
            29.546487
          ],
          [
            -95.017398,
            29.546489
          ],
          [
            -95.017401,
            29.546491
          ],
          [
            -95.017405,
            29.546492
          ],
          [
            -95.017409,
            29.546494
          ],
          [
            -95.017413,
            29.546496
          ],
          [
            -95.017417,
            29.546497
          ],
          [
            -95.017421,
            29.546498
          ],
          [
            -95.017425,
            29.546499
          ],
          [
            -95.017429,
            29.5465
          ],
          [
            -95.017433,
            29.546501
          ],
          [
            -95.017437,
            29.546502
          ],
          [
            -95.017441,
            29.546503
          ],
          [
            -95.017446,
            29.546503
          ],
          [
            -95.01745,
            29.546504
          ],
          [
            -95.017454,
            29.546504
          ],
          [
            -95.017458,
            29.546504
          ],
          [
            -95.017463,
            29.546504
          ],
          [
            -95.017467,
            29.546504
          ],
          [
            -95.017471,
            29.546504
          ],
          [
            -95.017476,
            29.546504
          ],
          [
            -95.01748,
            29.546503
          ],
          [
            -95.017484,
            29.546503
          ],
          [
            -95.017488,
            29.546502
          ],
          [
            -95.017492,
            29.546501
          ],
          [
            -95.017496,
            29.5465
          ],
          [
            -95.017501,
            29.546499
          ],
          [
            -95.017505,
            29.546498
          ],
          [
            -95.017509,
            29.546496
          ],
          [
            -95.017512,
            29.546495
          ],
          [
            -95.017516,
            29.546493
          ],
          [
            -95.01752,
            29.546492
          ],
          [
            -95.017524,
            29.54649
          ],
          [
            -95.017528,
            29.546488
          ],
          [
            -95.017531,
            29.546486
          ],
          [
            -95.017535,
            29.546484
          ],
          [
            -95.017538,
            29.546482
          ],
          [
            -95.017541,
            29.546479
          ],
          [
            -95.017545,
            29.546477
          ],
          [
            -95.017548,
            29.546474
          ],
          [
            -95.017551,
            29.546472
          ],
          [
            -95.017554,
            29.546468
          ],
          [
            -95.017558,
            29.546464
          ],
          [
            -95.017561,
            29.54646
          ],
          [
            -95.017563,
            29.546456
          ],
          [
            -95.017566,
            29.546453
          ],
          [
            -95.017568,
            29.546449
          ],
          [
            -95.01757,
            29.546446
          ],
          [
            -95.017572,
            29.546443
          ],
          [
            -95.017573,
            29.546442
          ],
          [
            -95.017573,
            29.546441
          ],
          [
            -95.017574,
            29.546439
          ],
          [
            -95.017575,
            29.546438
          ],
          [
            -95.017576,
            29.546433
          ],
          [
            -95.017578,
            29.546428
          ],
          [
            -95.01758,
            29.546423
          ],
          [
            -95.017582,
            29.546418
          ],
          [
            -95.017583,
            29.546413
          ],
          [
            -95.017584,
            29.546408
          ],
          [
            -95.017585,
            29.546403
          ],
          [
            -95.017586,
            29.546399
          ],
          [
            -95.017586,
            29.546394
          ],
          [
            -95.017587,
            29.54639
          ],
          [
            -95.017587,
            29.546385
          ],
          [
            -95.017587,
            29.546381
          ],
          [
            -95.017587,
            29.546377
          ],
          [
            -95.017587,
            29.546374
          ],
          [
            -95.017587,
            29.54637
          ],
          [
            -95.017587,
            29.546367
          ],
          [
            -95.017587,
            29.546364
          ],
          [
            -95.017587,
            29.546362
          ],
          [
            -95.017586,
            29.546359
          ],
          [
            -95.017586,
            29.546357
          ],
          [
            -95.017586,
            29.546354
          ],
          [
            -95.017585,
            29.546352
          ],
          [
            -95.017584,
            29.546349
          ],
          [
            -95.017583,
            29.546346
          ],
          [
            -95.017581,
            29.546338
          ],
          [
            -95.017577,
            29.546329
          ],
          [
            -95.017575,
            29.546325
          ],
          [
            -95.017573,
            29.54632
          ],
          [
            -95.017571,
            29.546315
          ],
          [
            -95.017569,
            29.546312
          ],
          [
            -95.017568,
            29.546309
          ],
          [
            -95.017566,
            29.546307
          ],
          [
            -95.017565,
            29.546304
          ],
          [
            -95.017563,
            29.546302
          ],
          [
            -95.017561,
            29.546299
          ],
          [
            -95.01756,
            29.546297
          ],
          [
            -95.017558,
            29.546294
          ],
          [
            -95.017556,
            29.546292
          ],
          [
            -95.017554,
            29.546289
          ],
          [
            -95.017552,
            29.546287
          ],
          [
            -95.017549,
            29.546284
          ],
          [
            -95.017547,
            29.546282
          ],
          [
            -95.017544,
            29.54628
          ],
          [
            -95.017542,
            29.546278
          ],
          [
            -95.017539,
            29.546276
          ],
          [
            -95.017537,
            29.546273
          ],
          [
            -95.017534,
            29.546271
          ],
          [
            -95.017531,
            29.546269
          ],
          [
            -95.017528,
            29.546267
          ],
          [
            -95.017521,
            29.546263
          ],
          [
            -95.017507,
            29.546254
          ],
          [
            -95.017486,
            29.546242
          ],
          [
            -95.017471,
            29.546234
          ],
          [
            -95.017461,
            29.546228
          ],
          [
            -95.017454,
            29.546223
          ],
          [
            -95.017449,
            29.54622
          ],
          [
            -95.017443,
            29.546215
          ],
          [
            -95.017436,
            29.546209
          ],
          [
            -95.01743,
            29.546204
          ],
          [
            -95.017424,
            29.546198
          ],
          [
            -95.017418,
            29.546192
          ],
          [
            -95.017412,
            29.546187
          ],
          [
            -95.017406,
            29.546181
          ],
          [
            -95.017401,
            29.546174
          ],
          [
            -95.017396,
            29.546168
          ],
          [
            -95.017385,
            29.546156
          ],
          [
            -95.017376,
            29.546142
          ],
          [
            -95.01736,
            29.546121
          ],
          [
            -95.017355,
            29.546113
          ],
          [
            -95.01735,
            29.546105
          ],
          [
            -95.017347,
            29.546101
          ],
          [
            -95.017345,
            29.546097
          ],
          [
            -95.017343,
            29.546093
          ],
          [
            -95.01734,
            29.546089
          ],
          [
            -95.017339,
            29.546086
          ],
          [
            -95.017338,
            29.546084
          ],
          [
            -95.017337,
            29.546082
          ],
          [
            -95.017336,
            29.54608
          ],
          [
            -95.017336,
            29.546077
          ],
          [
            -95.017335,
            29.546075
          ],
          [
            -95.017334,
            29.546072
          ],
          [
            -95.017333,
            29.54607
          ],
          [
            -95.017333,
            29.546068
          ],
          [
            -95.017332,
            29.546066
          ],
          [
            -95.017332,
            29.546065
          ],
          [
            -95.017332,
            29.546063
          ],
          [
            -95.017331,
            29.546061
          ],
          [
            -95.017331,
            29.546059
          ],
          [
            -95.017331,
            29.546057
          ],
          [
            -95.017331,
            29.546056
          ],
          [
            -95.017331,
            29.546053
          ],
          [
            -95.017331,
            29.54605
          ],
          [
            -95.017331,
            29.546047
          ],
          [
            -95.017331,
            29.546046
          ],
          [
            -95.017331,
            29.546045
          ],
          [
            -95.017331,
            29.546043
          ],
          [
            -95.017331,
            29.546042
          ],
          [
            -95.017331,
            29.546041
          ],
          [
            -95.017332,
            29.546039
          ],
          [
            -95.017332,
            29.546038
          ],
          [
            -95.017332,
            29.546036
          ],
          [
            -95.017332,
            29.546035
          ],
          [
            -95.017333,
            29.546033
          ],
          [
            -95.017333,
            29.546032
          ],
          [
            -95.017333,
            29.546031
          ],
          [
            -95.017334,
            29.546029
          ],
          [
            -95.017334,
            29.546028
          ],
          [
            -95.017335,
            29.546026
          ],
          [
            -95.017335,
            29.546025
          ],
          [
            -95.017336,
            29.546024
          ],
          [
            -95.017337,
            29.546022
          ],
          [
            -95.017337,
            29.546021
          ],
          [
            -95.017338,
            29.546019
          ],
          [
            -95.017339,
            29.546018
          ],
          [
            -95.017339,
            29.546017
          ],
          [
            -95.01734,
            29.546015
          ],
          [
            -95.017341,
            29.546014
          ],
          [
            -95.017342,
            29.546013
          ],
          [
            -95.017343,
            29.546011
          ],
          [
            -95.017344,
            29.54601
          ],
          [
            -95.017345,
            29.546009
          ],
          [
            -95.017346,
            29.546007
          ],
          [
            -95.017347,
            29.546006
          ],
          [
            -95.017348,
            29.546005
          ],
          [
            -95.017349,
            29.546003
          ],
          [
            -95.017351,
            29.546001
          ],
          [
            -95.017353,
            29.545999
          ],
          [
            -95.017355,
            29.545996
          ],
          [
            -95.017358,
            29.545994
          ],
          [
            -95.01736,
            29.545992
          ],
          [
            -95.017363,
            29.545989
          ],
          [
            -95.017366,
            29.545987
          ],
          [
            -95.017369,
            29.545985
          ],
          [
            -95.017372,
            29.545983
          ],
          [
            -95.017373,
            29.545982
          ],
          [
            -95.017375,
            29.545981
          ],
          [
            -95.017376,
            29.54598
          ],
          [
            -95.017378,
            29.545979
          ],
          [
            -95.01738,
            29.545978
          ],
          [
            -95.017382,
            29.545977
          ],
          [
            -95.017384,
            29.545976
          ],
          [
            -95.017387,
            29.545976
          ],
          [
            -95.017389,
            29.545975
          ],
          [
            -95.017391,
            29.545974
          ],
          [
            -95.017393,
            29.545973
          ],
          [
            -95.017395,
            29.545972
          ],
          [
            -95.017398,
            29.545972
          ],
          [
            -95.0174,
            29.545971
          ],
          [
            -95.017402,
            29.545971
          ],
          [
            -95.017405,
            29.54597
          ],
          [
            -95.017407,
            29.545969
          ],
          [
            -95.017409,
            29.545969
          ],
          [
            -95.017412,
            29.545969
          ],
          [
            -95.017414,
            29.545968
          ],
          [
            -95.017417,
            29.545968
          ],
          [
            -95.017419,
            29.545968
          ],
          [
            -95.017422,
            29.545967
          ],
          [
            -95.017424,
            29.545967
          ],
          [
            -95.017427,
            29.545967
          ],
          [
            -95.017429,
            29.545967
          ],
          [
            -95.017432,
            29.545967
          ],
          [
            -95.017435,
            29.545967
          ],
          [
            -95.017437,
            29.545967
          ],
          [
            -95.01744,
            29.545968
          ],
          [
            -95.017442,
            29.545968
          ],
          [
            -95.017445,
            29.545968
          ],
          [
            -95.017447,
            29.545969
          ],
          [
            -95.01745,
            29.545969
          ],
          [
            -95.017453,
            29.545969
          ],
          [
            -95.017455,
            29.54597
          ],
          [
            -95.017458,
            29.545971
          ],
          [
            -95.01746,
            29.545971
          ],
          [
            -95.017462,
            29.545972
          ],
          [
            -95.017465,
            29.545973
          ],
          [
            -95.017467,
            29.545973
          ],
          [
            -95.01747,
            29.545974
          ],
          [
            -95.017472,
            29.545975
          ],
          [
            -95.017474,
            29.545976
          ],
          [
            -95.017477,
            29.545977
          ],
          [
            -95.017479,
            29.545978
          ],
          [
            -95.017481,
            29.545979
          ],
          [
            -95.017483,
            29.54598
          ],
          [
            -95.017485,
            29.545981
          ],
          [
            -95.017487,
            29.545983
          ],
          [
            -95.017489,
            29.545984
          ],
          [
            -95.017491,
            29.545985
          ],
          [
            -95.017493,
            29.545986
          ],
          [
            -95.017495,
            29.545988
          ],
          [
            -95.017497,
            29.545989
          ],
          [
            -95.017499,
            29.545991
          ],
          [
            -95.017501,
            29.545992
          ],
          [
            -95.017502,
            29.545993
          ],
          [
            -95.017504,
            29.545995
          ],
          [
            -95.017506,
            29.545996
          ],
          [
            -95.017507,
            29.545998
          ],
          [
            -95.017509,
            29.545999
          ],
          [
            -95.01751,
            29.546001
          ],
          [
            -95.017511,
            29.546003
          ],
          [
            -95.017513,
            29.546004
          ],
          [
            -95.017514,
            29.546006
          ],
          [
            -95.017516,
            29.546008
          ],
          [
            -95.017517,
            29.54601
          ],
          [
            -95.017518,
            29.546011
          ],
          [
            -95.017519,
            29.546012
          ],
          [
            -95.01752,
            29.546014
          ],
          [
            -95.017521,
            29.546015
          ],
          [
            -95.017521,
            29.546017
          ],
          [
            -95.017522,
            29.546018
          ],
          [
            -95.017523,
            29.54602
          ],
          [
            -95.017524,
            29.546021
          ],
          [
            -95.017524,
            29.546023
          ],
          [
            -95.017525,
            29.546024
          ],
          [
            -95.017526,
            29.546026
          ],
          [
            -95.017527,
            29.546027
          ],
          [
            -95.017527,
            29.546029
          ],
          [
            -95.017528,
            29.54603
          ],
          [
            -95.017528,
            29.546032
          ],
          [
            -95.017529,
            29.546034
          ],
          [
            -95.017529,
            29.546035
          ],
          [
            -95.01753,
            29.546037
          ],
          [
            -95.01753,
            29.546039
          ],
          [
            -95.01753,
            29.54604
          ],
          [
            -95.017531,
            29.546042
          ],
          [
            -95.017531,
            29.546044
          ],
          [
            -95.017531,
            29.546046
          ],
          [
            -95.017532,
            29.546047
          ],
          [
            -95.017532,
            29.546049
          ],
          [
            -95.017532,
            29.546051
          ],
          [
            -95.017532,
            29.546053
          ],
          [
            -95.017532,
            29.546054
          ],
          [
            -95.017532,
            29.546056
          ],
          [
            -95.017532,
            29.546064
          ],
          [
            -95.017531,
            29.546072
          ],
          [
            -95.017531,
            29.54608
          ],
          [
            -95.01753,
            29.546088
          ],
          [
            -95.017529,
            29.546096
          ],
          [
            -95.017528,
            29.546103
          ],
          [
            -95.017526,
            29.546111
          ],
          [
            -95.017524,
            29.546119
          ],
          [
            -95.017522,
            29.546126
          ],
          [
            -95.01752,
            29.546134
          ],
          [
            -95.017517,
            29.546141
          ],
          [
            -95.017514,
            29.546148
          ],
          [
            -95.017511,
            29.546156
          ],
          [
            -95.017508,
            29.546163
          ],
          [
            -95.017505,
            29.54617
          ],
          [
            -95.017501,
            29.546176
          ],
          [
            -95.017407,
            29.546354
          ],
          [
            -95.017398,
            29.546368
          ],
          [
            -95.017394,
            29.546375
          ],
          [
            -95.01739,
            29.546382
          ],
          [
            -95.017388,
            29.546385
          ],
          [
            -95.017386,
            29.546388
          ],
          [
            -95.017383,
            29.546391
          ],
          [
            -95.017381,
            29.546394
          ],
          [
            -95.017379,
            29.546397
          ],
          [
            -95.017376,
            29.5464
          ],
          [
            -95.017373,
            29.546403
          ],
          [
            -95.017371,
            29.546406
          ],
          [
            -95.017368,
            29.546408
          ],
          [
            -95.017366,
            29.54641
          ],
          [
            -95.017365,
            29.546411
          ],
          [
            -95.017363,
            29.546412
          ],
          [
            -95.017362,
            29.546414
          ],
          [
            -95.01736,
            29.546415
          ],
          [
            -95.017358,
            29.546416
          ],
          [
            -95.017356,
            29.546418
          ],
          [
            -95.017355,
            29.546419
          ],
          [
            -95.017353,
            29.54642
          ],
          [
            -95.017351,
            29.546421
          ],
          [
            -95.017349,
            29.546422
          ],
          [
            -95.017347,
            29.546424
          ],
          [
            -95.017345,
            29.546425
          ],
          [
            -95.017343,
            29.546426
          ],
          [
            -95.017341,
            29.546427
          ],
          [
            -95.017339,
            29.546428
          ],
          [
            -95.017334,
            29.54643
          ],
          [
            -95.01733,
            29.546432
          ],
          [
            -95.017325,
            29.546434
          ],
          [
            -95.01732,
            29.546436
          ],
          [
            -95.017314,
            29.546438
          ],
          [
            -95.017308,
            29.54644
          ],
          [
            -95.017302,
            29.546441
          ],
          [
            -95.016991,
            29.546527
          ]
        ]
      }
    },
    {
      "type": "Feature",
      "properties": {
        "stroke": "#ffffff",
        "fill": "#ffffff",
        "name": "Station"
      },
      "geometry": {
        "type": "Polygon",
        "coordinates": [
          [
            [
              -95.017317,
              29.546482
            ],
            [
              -95.017287,
              29.5464
            ],
            [
              -95.017264,
              29.546406
            ],
            [
              -95.017256,
              29.546385
            ],
            [
              -95.01721,
              29.546398
            ],
            [
              -95.017202,
              29.546377
            ],
            [
              -95.017109,
              29.546403
            ],
            [
              -95.017153,
              29.546527
            ],
            [
              -95.017317,
              29.546482
            ]
          ]
        ]
      }
    }
  ],
  "properties": {
    "name": "Boardwalk Bullet",
    "color": "#ffffff",
    "basemaps": [
      {
        "id": "custom_layer_1790463135527",
        "url": "https://txgi.tnris.org/login/path/patriot-package-fame-level/wmts",
        "wmsLayer": "2020_statewide_6in_hexagon",
        "layerName": "2020_Statewide_6in_Hexagon",
        "wmtsOpts": {
          "format": "image/jpeg",
          "style": "default",
          "tileMatrixSet": "0to19"
        },
        "opacity": 1
      }
    ]
  }
}